{
    "$schema": "https://schema.management.azure.com/schemas/2019-04-01/deploymentTemplate.json#",
    "contentVersion": "1.0.0.0",
    "parameters": {
        "HpcClusterResxUrl": {
            "type": "string",
            "metadata": {
                "description": "The URL to the HPC pack deployment template on GitHub. https://raw.githubusercontent.com/Azure/hpcpack-template/master/HPCPack2019/newcluster-templates/single-hn-wincn-existing-ad.json"
            }
        },
        "clusterName": {
            "type": "string",
            "minLength": 3,
            "maxLength": 15,
            "metadata": {
                "description": "The name of the HPC cluster. It must be unique in the domain forest; It must contain between 3 and 15 characters with lowercase letters and numbers, and must start with a letter."
            }
        },
        "EnvironmentName": {
            "type": "string",
            "metadata": {
                "description": "QRM Framework environmet name."
            }
        },
        "virtualNetworkName": {
            "type": "string",
            "metadata": {
                "description": "The existing virtual network in which all VMs of the HPC cluster will be created."
            }
        },
        "virtualNetworkResourceGroupName": {
            "type": "string",
            "metadata": {
                "description": "The resource group in which the existing virtual network was created."
            }
        },
        "subnetName": {
            "type": "string",
            "metadata": {
                "description": "The existing subnet in which all VMs of the HPC cluster will be created."
            }
        },
        "domainName": {
            "type": "string",
            "metadata": {
                "description": "The fully qualified domain name (FQDN) for the existing domain forest in which the HPC cluster will join, for example 'hpc.local'."
            }
        },
        "domainOUPath": {
            "type": "string",
            "defaultValue": "",
            "metadata": {
                "description": "Optional, the organizational unit (OU) in the domain, for example 'OU=testOU,DC=domain,DC=Domain,DC=com'. The default value is the default OU for machine objects in the domain."
            }
        },
        "headNodeOS": {
            "type": "string",
            "defaultValue": "WindowsServer2019",
            "allowedValues": [
                "WindowsServer2016",
                "WindowsServer2019",
                "CustomImage"
            ],
            "metadata": {
                "description": "The operating system of the head node."
            }
        },
        "headNodeImageResourceId": {
            "type": "string",
            "defaultValue": "/subscriptions/xxx/resourceGroups/xxx/providers/Microsoft.Compute/images/xxx",
            "metadata": {
                "description": "Specify only when 'CustomImage' selected for headNodeOS. The resource Id of the head node image, it can be a managed VM image in your own subscription (/subscriptions/&lt;SubscriptionId&gt;/resourceGroups/&lt;ResourceGroupName&gt;/providers/Microsoft.Compute/images/&lt;ImageName&gt;) or a shared VM image from Azure Shared Image Gallery (/subscriptions/&lt;SubscriptionId&gt;/resourceGroups/&lt;ResourceGroupName&gt;/providers/Microsoft.Compute/galleries/&lt;GalleryName&gt;/images/&lt;ImageName&gt;/versions/&lt;ImageVersion&gt;)."
            }
        },
        "headNodeOsDiskType": {
            "type": "string",
            "defaultValue": "Standard_SSD",
            "allowedValues": [
                "Standard_HDD",
                "Standard_SSD",
                "Premium_SSD"
            ],
            "metadata": {
                "description": "The disk type of head node VM. Note that Premium_SSD only supports some VM sizes, see <a href='https://azure.microsoft.com/en-us/documentation/articles/virtual-machines-windows-sizes' target='_blank'>Azure VM Sizes</a>"
            }
        },
        "headNodeVMSize": {
            "type": "string",
            "defaultValue": "Standard_DS4_v2",
            "metadata": {
                "description": "The VM size of the head node, all available VM sizes in Azure can be found at <a href='https://azure.microsoft.com/en-us/documentation/articles/virtual-machines-windows-sizes' target='_blank'>Azure VM Sizes</a>. Note that some VM sizes in the list are only available in some particular locations. Please check the availability and the price of the VM sizes at https://azure.microsoft.com/pricing/details/virtual-machines/windows/ before deployment."
            }
        },
        "computeNodeNamePrefix": {
            "type": "string",
            "defaultValue": "IaaSCN",
            "minLength": 1,
            "maxLength": 12,
            "metadata": {
                "description": "The name prefix of the compute nodes. It must be no more than 12 characters, begin with a letter, and contain only letters, numbers and hyphens. For example, if 'IaaSCN' is specified, the compute node names will be 'IaaSCN000', 'IaaSCN001', ..."
            }
        },
        "computeNodeNumber": {
            "type": "int",
            "defaultValue": 10,
            "metadata": {
                "description": "The number of the compute nodes."
            }
        },
        "computeNodeImage": {
            "type": "string",
            "defaultValue": "WindowsServer2019",
            "allowedValues": [
                "WindowsServer2012",
                "WindowsServer2012R2",
                "WindowsServer2016",
                "WindowsServer2019",
                "WindowsServer2022",
                "WindowsServer2012R2WithExcel",
                "WindowsServer2016WithExcel",
                "WindowsServer2012_Gen2",
                "WindowsServer2012R2_Gen2",
                "WindowsServer2016_Gen2",
                "WindowsServer2019_Gen2",
                "WindowsServer2022_Gen2",
                "CustomImage"
            ],
            "metadata": {
                "description": "The VM image of the compute nodes."
            }
        },
        "computeNodeImageResourceId": {
            "type": "string",
            "defaultValue": "/subscriptions/xxx/resourceGroups/xxx/providers/Microsoft.Compute/images/xxx",
            "metadata": {
                "description": "Specify only when 'CustomImage' selected for computeNodeImage. The resource Id of the compute node image, it can be a managed VM image in your own subscription (/subscriptions/&lt;SubscriptionId&gt;/resourceGroups/&lt;ResourceGroupName&gt;/providers/Microsoft.Compute/images/&lt;ImageName&gt;) or a shared VM image from Azure Shared Image Gallery (/subscriptions/&lt;SubscriptionId&gt;/resourceGroups/&lt;ResourceGroupName&gt;/providers/Microsoft.Compute/galleries/&lt;GalleryName&gt;/images/&lt;ImageName&gt;/versions/&lt;ImageVersion&gt;)."
            }
        },
        "computeNodeOsDiskType": {
            "type": "string",
            "defaultValue": "Standard_HDD",
            "allowedValues": [
                "Standard_HDD",
                "Standard_SSD",
                "Premium_SSD"
            ],
            "metadata": {
                "description": "The disk type of compute node VM. Note that Premium_SSD only supports some VM sizes, see <a href='https://azure.microsoft.com/en-us/documentation/articles/virtual-machines-windows-sizes' target='_blank'>Azure VM Sizes</a>"
            }
        },
        "computeNodeVMSize": {
            "type": "string",
            "defaultValue": "Standard_D3_v2",
            "metadata": {
                "description": "The VM size of the compute nodes, all available VM sizes in Azure can be found at <a href='https://azure.microsoft.com/en-us/documentation/articles/virtual-machines-windows-sizes' target='_blank'>Azure VM Sizes</a>. Note that some VM sizes in the list are only available in some particular locations. Please check the availability and the price of the VM sizes at https://azure.microsoft.com/pricing/details/virtual-machines/windows/ before deployment."
            }
        },
        "availabilitySetOption": {
            "type": "string",
            "defaultValue": "Auto",
            "allowedValues": [
                "AllNodes",
                "ComputeNodes",
                "None",
                "Auto"
            ],
            "metadata": {
                "description": "Specify whether you want to create the HPC nodes in an Azure availability set. Select 'AllNodes' to create both head node(s) and compute nodes in an availability set; select 'ComputeNodes' to only create compute nodes in an availability set; select 'Auto' to only create RDMA capable nodes in availability set; select 'None' not to create an availability set."
            }
        },
        "adminUsername": {
            "type": "string",
            "defaultValue": "hpcadmin",
            "metadata": {
                "description": "Administrator user name for the virtual machines and the Active Directory domain."
            }
        },
        "adminPassword": {
            "type": "securestring",
            "metadata": {
                "description": "Administrator password for the virtual machines and the Active Directory domain. Password must meet complexity requirements, see https://docs.microsoft.com/en-us/windows/security/threat-protection/security-policy-settings/password-must-meet-complexity-requirements"
            }
        },
        "vaultName": {
            "type": "string",
            "metadata": {
                "description": "Name of the KeyVault in which the certificate is stored."
            }
        },
        "vaultResourceGroup": {
            "type": "string",
            "metadata": {
                "description": "Resource Group of the KeyVault in which the certificate is stored."
            }
        },
        "certificateUrl": {
            "type": "string",
            "metadata": {
                "description": "Url of the certificate with version in KeyVault e.g. https://testault.vault.azure.net/secrets/testcert/b621es1db241e56a72d037479xab1r7."
            }
        },
        "certThumbprint": {
            "type": "string",
            "metadata": {
                "description": "Thumbprint of the certificate."
            }
        },
        "enableManagedIdentityOnHeadNode": {
            "type": "string",
            "defaultValue": "Yes",
            "allowedValues": [
                "Yes",
                "No"
            ],
            "metadata": {
                "description": "Specify whether to enable system-assigned managed identity on the head node, and use it to manage the Azure IaaS compute nodes."
            }
        },
        "createPublicIPAddressForHeadNode": {
            "type": "string",
            "defaultValue": "Yes",
            "allowedValues": [
                "Yes",
                "No"
            ],
            "metadata": {
                "description": "Indicates whether to create a public IP address for head node."
            }
        },
        "enableAcceleratedNetworking": {
            "type": "string",
            "defaultValue": "No",
            "allowedValues": [
                "Yes",
                "No"
            ],
            "metadata": {
                "description": "Specify whether to create the Azure VMs with accelerated networking or not. Note accelerated networking is supported only for some VM sizes. If you specify it as 'Yes', you must specify accelerated networking supported VM sizes for all the VMs in the cluster. More information about accelerated networking please see https://docs.microsoft.com/en-us/azure/virtual-network/create-vm-accelerated-networking-powershell."
            }
        },
        "headNodeDataDiskCount": {
            "type": "int",
            "defaultValue": 0,
            "allowedValues": [
                0,
                1,
                2,
                4,
                8
            ],
            "metadata": {
                "description": "The number of data disks attached to the head node VM."
            }
        },
        "headNodeDataDiskSize": {
            "type": "int",
            "defaultValue": 128,
            "allowedValues": [
                32,
                64,
                128,
                256,
                512,
                1024,
                2048,
                4096
            ],
            "metadata": {
                "description": "The size in GB of each data disk that is attached to the head node VM."
            }
        },
        "headNodeDataDiskType": {
            "type": "string",
            "defaultValue": "Standard_SSD",
            "allowedValues": [
                "Standard_HDD",
                "Standard_SSD",
                "Premium_SSD"
            ],
            "metadata": {
                "description": "Head node data disk type. Note that Premium_SSD only supports some VM sizes, see <a href='https://azure.microsoft.com/en-us/documentation/articles/virtual-machines-windows-sizes' target='_blank'>Azure VM Sizes</a>"
            }
        },
        "computeNodeDataDiskCount": {
            "type": "int",
            "defaultValue": 0,
            "allowedValues": [
                0,
                1,
                2,
                4,
                8
            ],
            "metadata": {
                "description": "The number of data disks attached to the compute node VM."
            }
        },
        "computeNodeDataDiskSize": {
            "type": "int",
            "defaultValue": 128,
            "allowedValues": [
                32,
                64,
                128,
                256,
                512,
                1024,
                2048,
                4096
            ],
            "metadata": {
                "description": "The size in GB of each data disk that is attached to the compute node VM."
            }
        },
        "computeNodeDataDiskType": {
            "type": "string",
            "defaultValue": "Standard_HDD",
            "allowedValues": [
                "Standard_HDD",
                "Standard_SSD",
                "Premium_SSD"
            ],
            "metadata": {
                "description": "Compute node data disk type. Note that Premium_SSD only supports some VM sizes, see <a href='https://azure.microsoft.com/documentation/articles/virtual-machines-windows-sizes' target='_blank'>Azure VM Sizes</a>"
            }
        },
        "useVmssForComputeNodes": {
            "type": "string",
            "defaultValue": "No",
            "allowedValues": [
                "Yes",
                "No"
            ],
            "metadata": {
                "description": "Specify whether you want to use the experimental feature to create compute nodes as VM scale set. Note that it is not recommended to use this feature in production cluster."
            }
        },
        "useSpotInstanceForComputeNodes": {
            "type": "string",
            "defaultValue": "No",
            "allowedValues": [
                "Yes",
                "No"
            ],
            "metadata": {
                "description": "Specify whether you want to use the experimental feature to create compute nodes as <a href='https://azure.microsoft.com/pricing/spot/' target='_blank'>Azure Spot instances</a>. Note that it is not recommended to use this feature in production cluster."
            }
        }
    },
    "resources": [
        {
            "apiVersion": "2019-05-01",
            "type": "Microsoft.Resources/deployments",
            "name": "[concat('HpcCluster-', parameters('clusterName'), parameters('EnvironmentName'))]",
            "properties": {
                "mode": "Incremental",
                "templateLink": {
                    "uri": "[parameters('HpcClusterResxUrl')]",
                    "contentVersion": "1.0.0.0"
                },
                "parameters": {
                    "clusterName": {
                        "value": "[parameters('clusterName')]"
                    },
                    "virtualNetworkName": {
                        "value": "[parameters('virtualNetworkName')]"
                    },
                    "virtualNetworkResourceGroupName": {
                        "value": "[parameters('virtualNetworkResourceGroupName')]"
                    },
                    "subnetName": {
                        "value": "[parameters('subnetName')]"
                    },
                    "domainName": {
                        "value": "[parameters('domainName')]"
                    },
                    "domainOUPath": {
                        "value": "[parameters('domainOUPath')]"
                    },
                    "headNodeOS": {
                        "value": "[parameters('headNodeOS')]"
                    },
                    "headNodeImageResourceId": {
                        "value": "[parameters('headNodeImageResourceId')]"
                    },
                    "headNodeOsDiskType": {
                        "value": "[parameters('headNodeOsDiskType')]"
                    },
                    "headNodeVMSize": {
                        "value": "[parameters('headNodeVMSize')]"
                    },
                    "computeNodeNamePrefix": {
                        "value": "[parameters('computeNodeNamePrefix')]"
                    },
                    "computeNodeNumber": {
                        "value": "[parameters('computeNodeNumber')]"
                    },
                    "computeNodeImage": {
                        "value": "[parameters('computeNodeImage')]"
                    },
                    "computeNodeImageResourceId": {
                        "value": "[parameters('computeNodeImageResourceId')]"
                    },
                    "computeNodeOsDiskType": {
                        "value": "[parameters('computeNodeOsDiskType')]"
                    },
                    "computeNodeVMSize": {
                        "value": "[parameters('computeNodeVMSize')]"
                    },
                    "availabilitySetOption": {
                        "value": "[parameters('availabilitySetOption')]"
                    },
                    "adminUsername": {
                        "value": "[parameters('adminUsername')]"
                    },
                    "adminPassword": {
                        "value": "[parameters('adminPassword')]"
                    },
                    "vaultName": {
                        "value": "[parameters('vaultName')]"
                    },
                    "vaultResourceGroup": {
                        "value": "[parameters('vaultResourceGroup')]"
                    },
                    "certificateUrl": {
                        "value": "[parameters('certificateUrl')]"
                    },
                    "certThumbprint": {
                        "value": "[parameters('certThumbprint')]"
                    },
                    "enableManagedIdentityOnHeadNode": {
                        "value": "[parameters('enableManagedIdentityOnHeadNode')]"
                    },
                    "createPublicIPAddressForHeadNode": {
                        "value": "[parameters('createPublicIPAddressForHeadNode')]"
                    },
                    "enableAcceleratedNetworking": {
                        "value": "[parameters('enableAcceleratedNetworking')]"
                    },
                    "headNodeDataDiskCount": {
                        "value": "[parameters('headNodeDataDiskCount')]"
                    },
                    "headNodeDataDiskSize": {
                        "value": "[parameters('headNodeDataDiskSize')]"
                    },
                    "headNodeDataDiskType": {
                        "value": "[parameters('headNodeDataDiskType')]"
                    },
                    "computeNodeDataDiskCount": {
                        "value": "[parameters('computeNodeDataDiskCount')]"
                    },
                    "computeNodeDataDiskSize": {
                        "value": "[parameters('computeNodeDataDiskSize')]"
                    },
                    "computeNodeDataDiskType": {
                        "value": "[parameters('computeNodeDataDiskType')]"
                    },
                    "useVmssForComputeNodes": {
                        "value": "[parameters('useVmssForComputeNodes')]"
                    },
                    "useSpotInstanceForComputeNodes": {
                        "value": "[parameters('useSpotInstanceForComputeNodes')]"
                    }
                }
            }
        }
    ]
}